{
  "n_estimators": 228,
  "max_depth": 5,
  "learning_rate": 0.050663518821781654,
  "min_child_weight": 7,
  "subsample": 0.9249891572726485,
  "colsample_bytree": 0.5972483130419862,
  "reg_alpha": 0.0026133105583475004,
  "reg_lambda": 1.0661610277932285e-08,
  "gamma": 1.0103529019333005e-08,
  "objective": "reg:squarederror",
  "random_state": 42
}